Lorem ipsum dolor sit amet, consectetur adipiscing elit. Ut congue vulputate
eleifend. Pellentesque vestibulum accumsan elit posuere consequat. Praesent 
fermentum nisi quis orci luctus suscipit. Vivamus semper, dolor non laoreet 
imperdiet, orci ligula porta urna, ut porta nibh mi sit amet augue. Curabitur id 
euismod magna. Sed dolor odio, adipiscing vel euismod sit amet, consequat vel augu.
Ut dapibus dui id metus euismod quis bibendum est vulputate. Ut condimentum mollis 
ipsum ac consequat. Integer luctus ante in magna iaculis rutrum. Nunc sed lectus 
at nunc consectetur elementum. Curabitur non urna tellus, sit amet luctus arcu. 
Duis dapibus purus eu sapien dapibus consectetur. Vivamus massa magna, accumsan 
non scelerisque id, sagittis quis dui.
Nullam et leo sit amet lorem gravida ultricies. Fusce nec elit a enim pharetra 
interdum nec non enim. Duis et justo eget quam tincidunt lacinia. Vivamus risus 
ipsum, porta ac blandit quis, lobortis a mauris. Proin in risus sed lectus semper 
vehicula id vitae nibh. Proin rutrum risus et lacus cursus hendrerit. Nulla vitae 
quam quis quam interdum commodo et eu massa. Suspendisse sed elit eget orci 
tincidunt feugiat. Integer sed sollicitudin turpis. Fusce viverra eleifend 
imperdiet. Etiam ornare iaculis tempor. Maecenas aliquam aliquam neque non 
imperdiet. Phasellus mi augue, consequat in fringilla et, bibendum hendrerit magna.
Ut vitae urna sit amet purus consequat blandit.
Vivamus in orci in lectus porta consectetur ac eget lacus. Aenean porttitor dolor 
a ligula commodo ac mollis eros lacinia. Curabitur non quam ante. Quisque ac mi 
turpis. Sed quis sapien et velit commodo facilisis nec a dolor. Mauris leo eros, 
rutrum vel convallis at, pulvinar non sem. Fusce mollis vulputate interdum. Nunc 
placerat metus et tortor euismod porttitor. Suspendisse quis magna metus.
Aliquam erat volutpat. Sed nec purus orci, sed placerat ligula. Maecenas eleifend, 
velit a varius blandit, sapien neque laoreet nisi, ut adipiscing ligula nulla non 
erat. Aliquam tempus ipsum a nisl tincidunt venenatis. Sed adipiscing ultricies 
nisi ut sollicitudin. Donec neque erat, pulvinar quis viverra nec, tempor ut turpi.
Pellentesque eget nibh purus.
Curabitur sit amet lectus a lectus egestas pellentesque quis eu dolor. Sed 
adipiscing, velit et varius mattis, mauris libero varius sem, id luctus turpis 
nibh non neque. Maecenas massa mi, egestas at condimentum sed, tincidunt ac libero.
Nulla mattis, ipsum eu rhoncus pharetra, odio ante sagittis urna, et congue tellus 
est aliquam magna. Nullam posuere aliquam metus, ac mattis tortor vestibulum quis. 
Integer mollis faucibus mattis. Suspendisse eget sem nec erat viverra malesuada.
Lorem ipsum dolor sit amet, consectetur adipiscing elit. Ut congue vulputate
eleifend. Pellentesque vestibulum accumsan elit posuere consequat. Praesent 
fermentum nisi quis orci luctus suscipit. Vivamus semper, dolor non laoreet 
imperdiet, orci ligula porta urna, ut porta nibh mi sit amet augue. Curabitur id 
euismod magna. Sed dolor odio, adipiscing vel euismod sit amet, consequat vel augu.
Ut dapibus dui id metus euismod quis bibendum est vulputate. Ut condimentum mollis 
ipsum ac consequat. Integer luctus ante in magna iaculis rutrum. Nunc sed lectus 
at nunc consectetur elementum. Curabitur non urna tellus, sit amet luctus arcu. 
Duis dapibus purus eu sapien dapibus consectetur. Vivamus massa magna, accumsan 
non scelerisque id, sagittis quis dui.
Nullam et leo sit amet lorem gravida ultricies. Fusce nec elit a enim pharetra 
interdum nec non enim. Duis et justo eget quam tincidunt lacinia. Vivamus risus 
ipsum, porta ac blandit quis, lobortis a mauris. Proin in risus sed lectus semper 
vehicula id vitae nibh. Proin rutrum risus et lacus cursus hendrerit. Nulla vitae 
quam quis quam interdum commodo et eu massa. Suspendisse sed elit eget orci 
tincidunt feugiat. Integer sed sollicitudin turpis. Fusce viverra eleifend 
imperdiet. Etiam ornare iaculis tempor. Maecenas aliquam aliquam neque non 
imperdiet. Phasellus mi augue, consequat in fringilla et, bibendum hendrerit magna.
Ut vitae urna sit amet purus consequat blandit.
Vivamus in orci in lectus porta consectetur ac eget lacus. Aenean porttitor dolor 
a ligula commodo ac mollis eros lacinia. Curabitur non quam ante. Quisque ac mi 
turpis. Sed quis sapien et velit commodo facilisis nec a dolor. Mauris leo eros, 
rutrum vel convallis at, pulvinar non sem. Fusce mollis vulputate interdum. Nunc 
placerat metus et tortor euismod porttitor. Suspendisse quis magna metus.
Aliquam erat volutpat. Sed nec purus orci, sed placerat ligula. Maecenas eleifend, 
velit a varius blandit, sapien neque laoreet nisi, ut adipiscing ligula nulla non 
erat. Aliquam tempus ipsum a nisl tincidunt venenatis. Sed adipiscing ultricies 
nisi ut sollicitudin. Donec neque erat, pulvinar quis viverra nec, tempor ut turpi.
Pellentesque eget nibh purus.
Curabitur sit amet lectus a lectus egestas pellentesque quis eu dolor. Sed 
adipiscing, velit et varius mattis, mauris libero varius sem, id luctus turpis 
nibh non neque. Maecenas massa mi, egestas at condimentum sed, tincidunt ac libero.
Nulla mattis, ipsum eu rhoncus pharetra, odio ante sagittis urna, et congue tellus 
est aliquam magna. Nullam posuere aliquam metus, ac mattis tortor vestibulum quis. 
Integer mollis faucibus mattis. Suspendisse eget sem nec erat viverra malesuada.
Lorem ipsum dolor sit amet, consectetur adipiscing elit. Ut congue vulputate
eleifend. Pellentesque vestibulum accumsan elit posuere consequat. Praesent 
fermentum nisi quis orci luctus suscipit. Vivamus semper, dolor non laoreet 
imperdiet, orci ligula porta urna, ut porta nibh mi sit amet augue. Curabitur id 
euismod magna. Sed dolor odio, adipiscing vel euismod sit amet, consequat vel augu.
Ut dapibus dui id metus euismod quis bibendum est vulputate. Ut condimentum mollis 
ipsum ac consequat. Integer luctus ante in magna iaculis rutrum. Nunc sed lectus 
at nunc consectetur elementum. Curabitur non urna tellus, sit amet luctus arcu. 
Duis dapibus purus eu sapien dapibus consectetur. Vivamus massa magna, accumsan 
non scelerisque id, sagittis quis dui.
Nullam et leo sit amet lorem gravida ultricies. Fusce nec elit a enim pharetra 
interdum nec non enim. Duis et justo eget quam tincidunt lacinia. Vivamus risus 
ipsum, porta ac blandit quis, lobortis a mauris. Proin in risus sed lectus semper 
vehicula id vitae nibh. Proin rutrum risus et lacus cursus hendrerit. Nulla vitae 
quam quis quam interdum commodo et eu massa. Suspendisse sed elit eget orci 
tincidunt feugiat. Integer sed sollicitudin turpis. Fusce viverra eleifend 
imperdiet. Etiam ornare iaculis tempor. Maecenas aliquam aliquam neque non 
imperdiet. Phasellus mi augue, consequat in fringilla et, bibendum hendrerit magna.
Ut vitae urna sit amet purus consequat blandit.
Vivamus in orci in lectus porta consectetur ac eget lacus. Aenean porttitor dolor 
a ligula commodo ac mollis eros lacinia. Curabitur non quam ante. Quisque ac mi 
turpis. Sed quis sapien et velit commodo facilisis nec a dolor. Mauris leo eros, 
rutrum vel convallis at, pulvinar non sem. Fusce mollis vulputate interdum. Nunc 
placerat metus et tortor euismod porttitor. Suspendisse quis magna metus.
Aliquam erat volutpat. Sed nec purus orci, sed placerat ligula. Maecenas eleifend, 
velit a varius blandit, sapien neque laoreet nisi, ut adipiscing ligula nulla non 
erat. Aliquam tempus ipsum a nisl tincidunt venenatis. Sed adipiscing ultricies 
nisi ut sollicitudin. Donec neque erat, pulvinar quis viverra nec, tempor ut turpi.
Pellentesque eget nibh purus.
Curabitur sit amet lectus a lectus egestas pellentesque quis eu dolor. Sed 
adipiscing, velit et varius mattis, mauris libero varius sem, id luctus turpis 
nibh non neque. Maecenas massa mi, egestas at condimentum sed, tincidunt ac libero.
Nulla mattis, ipsum eu rhoncus pharetra, odio ante sagittis urna, et congue tellus 
est aliquam magna. Nullam posuere aliquam metus, ac mattis tortor vestibulum quis. 
Integer mollis faucibus mattis. Suspendisse eget sem nec erat viverra malesuada.
Lorem ipsum dolor sit amet, consectetur adipiscing elit. Ut congue vulputate
eleifend. Pellentesque vestibulum accumsan elit posuere consequat. Praesent 
fermentum nisi quis orci luctus suscipit. Vivamus semper, dolor non laoreet 
imperdiet, orci ligula porta urna, ut porta nibh mi sit amet augue. Curabitur id 
euismod magna. Sed dolor odio, adipiscing vel euismod sit amet, consequat vel augu.
Ut dapibus dui id metus euismod quis bibendum est vulputate. Ut condimentum mollis 
ipsum ac consequat. Integer luctus ante in magna iaculis rutrum. Nunc sed lectus 
at nunc consectetur elementum. Curabitur non urna tellus, sit amet luctus arcu. 
Duis dapibus purus eu sapien dapibus consectetur. Vivamus massa magna, accumsan 
non scelerisque id, sagittis quis dui.
Nullam et leo sit amet lorem gravida ultricies. Fusce nec elit a enim pharetra 
interdum nec non enim. Duis et justo eget quam tincidunt lacinia. Vivamus risus 
ipsum, porta ac blandit quis, lobortis a mauris. Proin in risus sed lectus semper 
vehicula id vitae nibh. Proin rutrum risus et lacus cursus hendrerit. Nulla vitae 
quam quis quam interdum commodo et eu massa. Suspendisse sed elit eget orci 
tincidunt feugiat. Integer sed sollicitudin turpis. Fusce viverra eleifend 
imperdiet. Etiam ornare iaculis tempor. Maecenas aliquam aliquam neque non 
imperdiet. Phasellus mi augue, consequat in fringilla et, bibendum hendrerit magna.
Ut vitae urna sit amet purus consequat blandit.
Vivamus in orci in lectus porta consectetur ac eget lacus. Aenean porttitor dolor 
a ligula commodo ac mollis eros lacinia. Curabitur non quam ante. Quisque ac mi 
turpis. Sed quis sapien et velit commodo facilisis nec a dolor. Mauris leo eros, 
rutrum vel convallis at, pulvinar non sem. Fusce mollis vulputate interdum. Nunc 
placerat metus et tortor euismod porttitor. Suspendisse quis magna metus.
Aliquam erat volutpat. Sed nec purus orci, sed placerat ligula. Maecenas eleifend, 
velit a varius blandit, sapien neque laoreet nisi, ut adipiscing ligula nulla non 
erat. Aliquam tempus ipsum a nisl tincidunt venenatis. Sed adipiscing ultricies 
nisi ut sollicitudin. Donec neque erat, pulvinar quis viverra nec, tempor ut turpi.
Pellentesque eget nibh purus.
Curabitur sit amet lectus a lectus egestas pellentesque quis eu dolor. Sed 
adipiscing, velit et varius mattis, mauris libero varius sem, id luctus turpis 
nibh non neque. Maecenas massa mi, egestas at condimentum sed, tincidunt ac libero.
Nulla mattis, ipsum eu rhoncus pharetra, odio ante sagittis urna, et congue tellus 
est aliquam magna. Nullam posuere aliquam metus, ac mattis tortor vestibulum quis. 
Integer mollis faucibus mattis. Suspendisse eget sem nec erat viverra malesuada.
Lorem ipsum dolor sit amet, consectetur adipiscing elit. Ut congue vulputate
eleifend. Pellentesque vestibulum accumsan elit posuere consequat. Praesent 
fermentum nisi quis orci luctus suscipit. Vivamus semper, dolor non laoreet 
imperdiet, orci ligula porta urna, ut porta nibh mi sit amet augue. Curabitur id 
euismod magna. Sed dolor odio, adipiscing vel euismod sit amet, consequat vel augu.
Ut dapibus dui id metus euismod quis bibendum est vulputate. Ut condimentum mollis 
ipsum ac consequat. Integer luctus ante in magna iaculis rutrum. Nunc sed lectus 
at nunc consectetur elementum. Curabitur non urna tellus, sit amet luctus arcu. 
Duis dapibus purus eu sapien dapibus consectetur. Vivamus massa magna, accumsan 
non scelerisque id, sagittis quis dui.
Nullam et leo sit amet lorem gravida ultricies. Fusce nec elit a enim pharetra 
interdum nec non enim. Duis et justo eget quam tincidunt lacinia. Vivamus risus 
ipsum, porta ac blandit quis, lobortis a mauris. Proin in risus sed lectus semper 
vehicula id vitae nibh. Proin rutrum risus et lacus cursus hendrerit. Nulla vitae 
quam quis quam interdum commodo et eu massa. Suspendisse sed elit eget orci 
tincidunt feugiat. Integer sed sollicitudin turpis. Fusce viverra eleifend 
imperdiet. Etiam ornare iaculis tempor. Maecenas aliquam aliquam neque non 
imperdiet. Phasellus mi augue, consequat in fringilla et, bibendum hendrerit magna.
Ut vitae urna sit amet purus consequat blandit.
Vivamus in orci in lectus porta consectetur ac eget lacus. Aenean porttitor dolor 
a ligula commodo ac mollis eros lacinia. Curabitur non quam ante. Quisque ac mi 
turpis. Sed quis sapien et velit commodo facilisis nec a dolor. Mauris leo eros, 
rutrum vel convallis at, pulvinar non sem. Fusce mollis vulputate interdum. Nunc 
placerat metus et tortor euismod porttitor. Suspendisse quis magna metus.
Aliquam erat volutpat. Sed nec purus orci, sed placerat ligula. Maecenas eleifend, 
velit a varius blandit, sapien neque laoreet nisi, ut adipiscing ligula nulla non 
erat. Aliquam tempus ipsum a nisl tincidunt venenatis. Sed adipiscing ultricies 
nisi ut sollicitudin. Donec neque erat, pulvinar quis viverra nec, tempor ut turpi.
Pellentesque eget nibh purus.
Curabitur sit amet lectus a lectus egestas pellentesque quis eu dolor. Sed 
adipiscing, velit et varius mattis, mauris libero varius sem, id luctus turpis 
nibh non neque. Maecenas massa mi, egestas at condimentum sed, tincidunt ac libero.
Nulla mattis, ipsum eu rhoncus pharetra, odio ante sagittis urna, et congue tellus 
est aliquam magna. Nullam posuere aliquam metus, ac mattis tortor vestibulum quis. 
Integer mollis faucibus mattis. Suspendisse eget sem nec erat viverra malesuada.
Lorem ipsum dolor sit amet, consectetur adipiscing elit. Ut congue vulputate
eleifend. Pellentesque vestibulum accumsan elit posuere consequat. Praesent 
fermentum nisi quis orci luctus suscipit. Vivamus semper, dolor non laoreet 
imperdiet, orci ligula porta urna, ut porta nibh mi sit amet augue. Curabitur id 
euismod magna. Sed dolor odio, adipiscing vel euismod sit amet, consequat vel augu.
Ut dapibus dui id metus euismod quis bibendum est vulputate. Ut condimentum mollis 
ipsum ac consequat. Integer luctus ante in magna iaculis rutrum. Nunc sed lectus 
at nunc consectetur elementum. Curabitur non urna tellus, sit amet luctus arcu. 
Duis dapibus purus eu sapien dapibus consectetur. Vivamus massa magna, accumsan 
non scelerisque id, sagittis quis dui.
Nullam et leo sit amet lorem gravida ultricies. Fusce nec elit a enim pharetra 
interdum nec non enim. Duis et justo eget quam tincidunt lacinia. Vivamus risus 
ipsum, porta ac blandit quis, lobortis a mauris. Proin in risus sed lectus semper 
vehicula id vitae nibh. Proin rutrum risus et lacus cursus hendrerit. Nulla vitae 
quam quis quam interdum commodo et eu massa. Suspendisse sed elit eget orci 
tincidunt feugiat. Integer sed sollicitudin turpis. Fusce viverra eleifend 
imperdiet. Etiam ornare iaculis tempor. Maecenas aliquam aliquam neque non 
imperdiet. Phasellus mi augue, consequat in fringilla et, bibendum hendrerit magna.
Ut vitae urna sit amet purus consequat blandit.
Vivamus in orci in lectus porta consectetur ac eget lacus. Aenean porttitor dolor 
a ligula commodo ac mollis eros lacinia. Curabitur non quam ante. Quisque ac mi 
turpis. Sed quis sapien et velit commodo facilisis nec a dolor. Mauris leo eros, 
rutrum vel convallis at, pulvinar non sem. Fusce mollis vulputate interdum. Nunc 
placerat metus et tortor euismod porttitor. Suspendisse quis magna metus.
Aliquam erat volutpat. Sed nec purus orci, sed placerat ligula. Maecenas eleifend, 
velit a varius blandit, sapien neque laoreet nisi, ut adipiscing ligula nulla non 
erat. Aliquam tempus ipsum a nisl tincidunt venenatis. Sed adipiscing ultricies 
nisi ut sollicitudin. Donec neque erat, pulvinar quis viverra nec, tempor ut turpi.
Pellentesque eget nibh purus.
Curabitur sit amet lectus a lectus egestas pellentesque quis eu dolor. Sed 
adipiscing, velit et varius mattis, mauris libero varius sem, id luctus turpis 
nibh non neque. Maecenas massa mi, egestas at condimentum sed, tincidunt ac libero.
Nulla mattis, ipsum eu rhoncus pharetra, odio ante sagittis urna, et congue tellus 
est aliquam magna. Nullam posuere aliquam metus, ac mattis tortor vestibulum quis. 
Integer mollis faucibus mattis. Suspendisse eget sem nec erat viverra malesuada.
Lorem ipsum dolor sit amet, consectetur adipiscing elit. Ut congue vulputate
eleifend. Pellentesque vestibulum accumsan elit posuere consequat. Praesent 
fermentum nisi quis orci luctus suscipit. Vivamus semper, dolor non laoreet 
imperdiet, orci ligula porta urna, ut porta nibh mi sit amet augue. Curabitur id 
euismod magna. Sed dolor odio, adipiscing vel euismod sit amet, consequat vel augu.
Ut dapibus dui id metus euismod quis bibendum est vulputate. Ut condimentum mollis 
ipsum ac consequat. Integer luctus ante in magna iaculis rutrum. Nunc sed lectus 
at nunc consectetur elementum. Curabitur non urna tellus, sit amet luctus arcu. 
Duis dapibus purus eu sapien dapibus consectetur. Vivamus massa magna, accumsan 
non scelerisque id, sagittis quis dui.
Nullam et leo sit amet lorem gravida ultricies. Fusce nec elit a enim pharetra 
interdum nec non enim. Duis et justo eget quam tincidunt lacinia. Vivamus risus 
ipsum, porta ac blandit quis, lobortis a mauris. Proin in risus sed lectus semper 
vehicula id vitae nibh. Proin rutrum risus et lacus cursus hendrerit. Nulla vitae 
quam quis quam interdum commodo et eu massa. Suspendisse sed elit eget orci 
tincidunt feugiat. Integer sed sollicitudin turpis. Fusce viverra eleifend 
imperdiet. Etiam ornare iaculis tempor. Maecenas aliquam aliquam neque non 
imperdiet. Phasellus mi augue, consequat in fringilla et, bibendum hendrerit magna.
Ut vitae urna sit amet purus consequat blandit.
Vivamus in orci in lectus porta consectetur ac eget lacus. Aenean porttitor dolor 
a ligula commodo ac mollis eros lacinia. Curabitur non quam ante. Quisque ac mi 
turpis. Sed quis sapien et velit commodo facilisis nec a dolor. Mauris leo eros, 
rutrum vel convallis at, pulvinar non sem. Fusce mollis vulputate interdum. Nunc 
placerat metus et tortor euismod porttitor. Suspendisse quis magna metus.
Aliquam erat volutpat. Sed nec purus orci, sed placerat ligula. Maecenas eleifend, 
velit a varius blandit, sapien neque laoreet nisi, ut adipiscing ligula nulla non 
erat. Aliquam tempus ipsum a nisl tincidunt venenatis. Sed adipiscing ultricies 
nisi ut sollicitudin. Donec neque erat, pulvinar quis viverra nec, tempor ut turpi.
Pellentesque eget nibh purus.
Curabitur sit amet lectus a lectus egestas pellentesque quis eu dolor. Sed 
adipiscing, velit et varius mattis, mauris libero varius sem, id luctus turpis 
nibh non neque. Maecenas massa mi, egestas at condimentum sed, tincidunt ac libero.
Nulla mattis, ipsum eu rhoncus pharetra, odio ante sagittis urna, et congue tellus 
est aliquam magna. Nullam posuere aliquam metus, ac mattis tortor vestibulum quis. 
Integer mollis faucibus mattis. Suspendisse eget sem nec erat viverra malesuada.
Lorem ipsum dolor sit amet, consectetur adipiscing elit. Ut congue vulputate
eleifend. Pellentesque vestibulum accumsan elit posuere consequat. Praesent 
fermentum nisi quis orci luctus suscipit. Vivamus semper, dolor non laoreet 
imperdiet, orci ligula porta urna, ut porta nibh mi sit amet augue. Curabitur id 
euismod magna. Sed dolor odio, adipiscing vel euismod sit amet, consequat vel augu.
Ut dapibus dui id metus euismod quis bibendum est vulputate. Ut condimentum mollis 
ipsum ac consequat. Integer luctus ante in magna iaculis rutrum. Nunc sed lectus 
at nunc consectetur elementum. Curabitur non urna tellus, sit amet luctus arcu. 
Duis dapibus purus eu sapien dapibus consectetur. Vivamus massa magna, accumsan 
non scelerisque id, sagittis quis dui.
Nullam et leo sit amet lorem gravida ultricies. Fusce nec elit a enim pharetra 
interdum nec non enim. Duis et justo eget quam tincidunt lacinia. Vivamus risus 
ipsum, porta ac blandit quis, lobortis a mauris. Proin in risus sed lectus semper 
vehicula id vitae nibh. Proin rutrum risus et lacus cursus hendrerit. Nulla vitae 
quam quis quam interdum commodo et eu massa. Suspendisse sed elit eget orci 
tincidunt feugiat. Integer sed sollicitudin turpis. Fusce viverra eleifend 
imperdiet. Etiam ornare iaculis tempor. Maecenas aliquam aliquam neque non 
imperdiet. Phasellus mi augue, consequat in fringilla et, bibendum hendrerit magna.
Ut vitae urna sit amet purus consequat blandit.
Vivamus in orci in lectus porta consectetur ac eget lacus. Aenean porttitor dolor 
a ligula commodo ac mollis eros lacinia. Curabitur non quam ante. Quisque ac mi 
turpis. Sed quis sapien et velit commodo facilisis nec a dolor. Mauris leo eros, 
rutrum vel convallis at, pulvinar non sem. Fusce mollis vulputate interdum. Nunc 
placerat metus et tortor euismod porttitor. Suspendisse quis magna metus.
Aliquam erat volutpat. Sed nec purus orci, sed placerat ligula. Maecenas eleifend, 
velit a varius blandit, sapien neque laoreet nisi, ut adipiscing ligula nulla non 
erat. Aliquam tempus ipsum a nisl tincidunt venenatis. Sed adipiscing ultricies 
nisi ut sollicitudin. Donec neque erat, pulvinar quis viverra nec, tempor ut turpi.
Pellentesque eget nibh purus.
Curabitur sit amet lectus a lectus egestas pellentesque quis eu dolor. Sed 
adipiscing, velit et varius mattis, mauris libero varius sem, id luctus turpis 
nibh non neque. Maecenas massa mi, egestas at condimentum sed, tincidunt ac libero.
Nulla mattis, ipsum eu rhoncus pharetra, odio ante sagittis urna, et congue tellus 
est aliquam magna. Nullam posuere aliquam metus, ac mattis tortor vestibulum quis. 
Integer mollis faucibus mattis. Suspendisse eget sem nec erat viverra malesuada.
Lorem ipsum dolor sit amet, consectetur adipiscing elit. Ut congue vulputate
eleifend. Pellentesque vestibulum accumsan elit posuere consequat. Praesent 
fermentum nisi quis orci luctus suscipit. Vivamus semper, dolor non laoreet 
imperdiet, orci ligula porta urna, ut porta nibh mi sit amet augue. Curabitur id 
euismod magna. Sed dolor odio, adipiscing vel euismod sit amet, consequat vel augu.
Ut dapibus dui id metus euismod quis bibendum est vulputate. Ut condimentum mollis 
ipsum ac consequat. Integer luctus ante in magna iaculis rutrum. Nunc sed lectus 
at nunc consectetur elementum. Curabitur non urna tellus, sit amet luctus arcu. 
Duis dapibus purus eu sapien dapibus consectetur. Vivamus massa magna, accumsan 
non scelerisque id, sagittis quis dui.
Nullam et leo sit amet lorem gravida ultricies. Fusce nec elit a enim pharetra 
interdum nec non enim. Duis et justo eget quam tincidunt lacinia. Vivamus risus 
ipsum, porta ac blandit quis, lobortis a mauris. Proin in risus sed lectus semper 
vehicula id vitae nibh. Proin rutrum risus et lacus cursus hendrerit. Nulla vitae 
quam quis quam interdum commodo et eu massa. Suspendisse sed elit eget orci 
tincidunt feugiat. Integer sed sollicitudin turpis. Fusce viverra eleifend 
imperdiet. Etiam ornare iaculis tempor. Maecenas aliquam aliquam neque non 
imperdiet. Phasellus mi augue, consequat in fringilla et, bibendum hendrerit magna.
Ut vitae urna sit amet purus consequat blandit.
Vivamus in orci in lectus porta consectetur ac eget lacus. Aenean porttitor dolor 
a ligula commodo ac mollis eros lacinia. Curabitur non quam ante. Quisque ac mi 
turpis. Sed quis sapien et velit commodo facilisis nec a dolor. Mauris leo eros, 
rutrum vel convallis at, pulvinar non sem. Fusce mollis vulputate interdum. Nunc 
placerat metus et tortor euismod porttitor. Suspendisse quis magna metus.
Aliquam erat volutpat. Sed nec purus orci, sed placerat ligula. Maecenas eleifend, 
velit a varius blandit, sapien neque laoreet nisi, ut adipiscing ligula nulla non 
erat. Aliquam tempus ipsum a nisl tincidunt venenatis. Sed adipiscing ultricies 
nisi ut sollicitudin. Donec neque erat, pulvinar quis viverra nec, tempor ut turpi.
Pellentesque eget nibh purus.
Curabitur sit amet lectus a lectus egestas pellentesque quis eu dolor. Sed 
adipiscing, velit et varius mattis, mauris libero varius sem, id luctus turpis 
nibh non neque. Maecenas massa mi, egestas at condimentum sed, tincidunt ac libero.
Nulla mattis, ipsum eu rhoncus pharetra, odio ante sagittis urna, et congue tellus 
est aliquam magna. Nullam posuere aliquam metus, ac mattis tortor vestibulum quis. 
Integer mollis faucibus mattis. Suspendisse eget sem nec erat viverra malesuada.
Lorem ipsum dolor sit amet, consectetur adipiscing elit. Ut congue vulputate
eleifend. Pellentesque vestibulum accumsan elit posuere consequat. Praesent 
fermentum nisi quis orci luctus suscipit. Vivamus semper, dolor non laoreet 
imperdiet, orci ligula porta urna, ut porta nibh mi sit amet augue. Curabitur id 
euismod magna. Sed dolor odio, adipiscing vel euismod sit amet, consequat vel augu.
Ut dapibus dui id metus euismod quis bibendum est vulputate. Ut condimentum mollis 
ipsum ac consequat. Integer luctus ante in magna iaculis rutrum. Nunc sed lectus 
at nunc consectetur elementum. Curabitur non urna tellus, sit amet luctus arcu. 
Duis dapibus purus eu sapien dapibus consectetur. Vivamus massa magna, accumsan 
non scelerisque id, sagittis quis dui.
Nullam et leo sit amet lorem gravida ultricies. Fusce nec elit a enim pharetra 
interdum nec non enim. Duis et justo eget quam tincidunt lacinia. Vivamus risus 
ipsum, porta ac blandit quis, lobortis a mauris. Proin in risus sed lectus semper 
vehicula id vitae nibh. Proin rutrum risus et lacus cursus hendrerit. Nulla vitae 
quam quis quam interdum commodo et eu massa. Suspendisse sed elit eget orci 
tincidunt feugiat. Integer sed sollicitudin turpis. Fusce viverra eleifend 
imperdiet. Etiam ornare iaculis tempor. Maecenas aliquam aliquam neque non 
imperdiet. Phasellus mi augue, consequat in fringilla et, bibendum hendrerit magna.
Ut vitae urna sit amet purus consequat blandit.
Vivamus in orci in lectus porta consectetur ac eget lacus. Aenean porttitor dolor 
a ligula commodo ac mollis eros lacinia. Curabitur non quam ante. Quisque ac mi 
turpis. Sed quis sapien et velit commodo facilisis nec a dolor. Mauris leo eros, 
rutrum vel convallis at, pulvinar non sem. Fusce mollis vulputate interdum. Nunc 
placerat metus et tortor euismod porttitor. Suspendisse quis magna metus.
Aliquam erat volutpat. Sed nec purus orci, sed placerat ligula. Maecenas eleifend, 
velit a varius blandit, sapien neque laoreet nisi, ut adipiscing ligula nulla non 
erat. Aliquam tempus ipsum a nisl tincidunt venenatis. Sed adipiscing ultricies 
nisi ut sollicitudin. Donec neque erat, pulvinar quis viverra nec, tempor ut turpi.
Pellentesque eget nibh purus.
Curabitur sit amet lectus a lectus egestas pellentesque quis eu dolor. Sed 
adipiscing, velit et varius mattis, mauris libero varius sem, id luctus turpis 
nibh non neque. Maecenas massa mi, egestas at condimentum sed, tincidunt ac libero.
Nulla mattis, ipsum eu rhoncus pharetra, odio ante sagittis urna, et congue tellus 
est aliquam magna. Nullam posuere aliquam metus, ac mattis tortor vestibulum quis. 
Integer mollis faucibus mattis. Suspendisse eget sem nec erat viverra malesuada.
Lorem ipsum dolor sit amet, consectetur adipiscing elit. Ut congue vulputate
eleifend. Pellentesque vestibulum accumsan elit posuere consequat. Praesent 
fermentum nisi quis orci luctus suscipit. Vivamus semper, dolor non laoreet 
imperdiet, orci ligula porta urna, ut porta nibh mi sit amet augue. Curabitur id 
euismod magna. Sed dolor odio, adipiscing vel euismod sit amet, consequat vel augu.
Ut dapibus dui id metus euismod quis bibendum est vulputate. Ut condimentum mollis 
ipsum ac consequat. Integer luctus ante in magna iaculis rutrum. Nunc sed lectus 
at nunc consectetur elementum. Curabitur non urna tellus, sit amet luctus arcu. 
Duis dapibus purus eu sapien dapibus consectetur. Vivamus massa magna, accumsan 
non scelerisque id, sagittis quis dui.
Nullam et leo sit amet lorem gravida ultricies. Fusce nec elit a enim pharetra 
interdum nec non enim. Duis et justo eget quam tincidunt lacinia. Vivamus risus 
ipsum, porta ac blandit quis, lobortis a mauris. Proin in risus sed lectus semper 
vehicula id vitae nibh. Proin rutrum risus et lacus cursus hendrerit. Nulla vitae 
quam quis quam interdum commodo et eu massa. Suspendisse sed elit eget orci 
tincidunt feugiat. Integer sed sollicitudin turpis. Fusce viverra eleifend 
imperdiet. Etiam ornare iaculis tempor. Maecenas aliquam aliquam neque non 
imperdiet. Phasellus mi augue, consequat in fringilla et, bibendum hendrerit magna.
Ut vitae urna sit amet purus consequat blandit.
Vivamus in orci in lectus porta consectetur ac eget lacus. Aenean porttitor dolor 
a ligula commodo ac mollis eros lacinia. Curabitur non quam ante. Quisque ac mi 
turpis. Sed quis sapien et velit commodo facilisis nec a dolor. Mauris leo eros, 
rutrum vel convallis at, pulvinar non sem. Fusce mollis vulputate interdum. Nunc 
placerat metus et tortor euismod porttitor. Suspendisse quis magna metus.
Aliquam erat volutpat. Sed nec purus orci, sed placerat ligula. Maecenas eleifend, 
velit a varius blandit, sapien neque laoreet nisi, ut adipiscing ligula nulla non 
erat. Aliquam tempus ipsum a nisl tincidunt venenatis. Sed adipiscing ultricies 
nisi ut sollicitudin. Donec neque erat, pulvinar quis viverra nec, tempor ut turpi.
Pellentesque eget nibh purus.
Curabitur sit amet lectus a lectus egestas pellentesque quis eu dolor. Sed 
adipiscing, velit et varius mattis, mauris libero varius sem, id luctus turpis 
nibh non neque. Maecenas massa mi, egestas at condimentum sed, tincidunt ac libero.
Nulla mattis, ipsum eu rhoncus pharetra, odio ante sagittis urna, et congue tellus 
est aliquam magna. Nullam posuere aliquam metus, ac mattis tortor vestibulum quis. 
Integer mollis faucibus mattis. Suspendisse eget sem nec erat viverra malesuada.
Lorem ipsum dolor sit amet, consectetur adipiscing elit. Ut congue vulputate
eleifend. Pellentesque vestibulum accumsan elit posuere consequat. Praesent 
fermentum nisi quis orci luctus suscipit. Vivamus semper, dolor non laoreet 
imperdiet, orci ligula porta urna, ut porta nibh mi sit amet augue. Curabitur id 
euismod magna. Sed dolor odio, adipiscing vel euismod sit amet, consequat vel augu.
Ut dapibus dui id metus euismod quis bibendum est vulputate. Ut condimentum mollis 
ipsum ac consequat. Integer luctus ante in magna iaculis rutrum. Nunc sed lectus 
at nunc consectetur elementum. Curabitur non urna tellus, sit amet luctus arcu. 
Duis dapibus purus eu sapien dapibus consectetur. Vivamus massa magna, accumsan 
non scelerisque id, sagittis quis dui.
Nullam et leo sit amet lorem gravida ultricies. Fusce nec elit a enim pharetra 
interdum nec non enim. Duis et justo eget quam tincidunt lacinia. Vivamus risus 
ipsum, porta ac blandit quis, lobortis a mauris. Proin in risus sed lectus semper 
vehicula id vitae nibh. Proin rutrum risus et lacus cursus hendrerit. Nulla vitae 
quam quis quam interdum commodo et eu massa. Suspendisse sed elit eget orci 
tincidunt feugiat. Integer sed sollicitudin turpis. Fusce viverra eleifend 
imperdiet. Etiam ornare iaculis tempor. Maecenas aliquam aliquam neque non 
imperdiet. Phasellus mi augue, consequat in fringilla et, bibendum hendrerit magna.
Ut vitae urna sit amet purus consequat blandit.
Vivamus in orci in lectus porta consectetur ac eget lacus. Aenean porttitor dolor 
a ligula commodo ac mollis eros lacinia. Curabitur non quam ante. Quisque ac mi 
turpis. Sed quis sapien et velit commodo facilisis nec a dolor. Mauris leo eros, 
rutrum vel convallis at, pulvinar non sem. Fusce mollis vulputate interdum. Nunc 
placerat metus et tortor euismod porttitor. Suspendisse quis magna metus.
Aliquam erat volutpat. Sed nec purus orci, sed placerat ligula. Maecenas eleifend, 
velit a varius blandit, sapien neque laoreet nisi, ut adipiscing ligula nulla non 
erat. Aliquam tempus ipsum a nisl tincidunt venenatis. Sed adipiscing ultricies 
nisi ut sollicitudin. Donec neque erat, pulvinar quis viverra nec, tempor ut turpi.
Pellentesque eget nibh purus.
Curabitur sit amet lectus a lectus egestas pellentesque quis eu dolor. Sed 
adipiscing, velit et varius mattis, mauris libero varius sem, id luctus turpis 
nibh non neque. Maecenas massa mi, egestas at condimentum sed, tincidunt ac libero.
Nulla mattis, ipsum eu rhoncus pharetra, odio ante sagittis urna, et congue tellus 
est aliquam magna. Nullam posuere aliquam metus, ac mattis tortor vestibulum quis. 
Integer mollis faucibus mattis. Suspendisse eget sem nec erat viverra malesuada.
Lorem ipsum dolor sit amet, consectetur adipiscing elit. Ut congue vulputate
eleifend. Pellentesque vestibulum accumsan elit posuere consequat. Praesent 
fermentum nisi quis orci luctus suscipit. Vivamus semper, dolor non laoreet 
imperdiet, orci ligula porta urna, ut porta nibh mi sit amet augue. Curabitur id 
euismod magna. Sed dolor odio, adipiscing vel euismod sit amet, consequat vel augu.
Ut dapibus dui id metus euismod quis bibendum est vulputate. Ut condimentum mollis 
ipsum ac consequat. Integer luctus ante in magna iaculis rutrum. Nunc sed lectus 
at nunc consectetur elementum. Curabitur non urna tellus, sit amet luctus arcu. 
Duis dapibus purus eu sapien dapibus consectetur. Vivamus massa magna, accumsan 
non scelerisque id, sagittis quis dui.
Nullam et leo sit amet lorem gravida ultricies. Fusce nec elit a enim pharetra 
interdum nec non enim. Duis et justo eget quam tincidunt lacinia. Vivamus risus 
ipsum, porta ac blandit quis, lobortis a mauris. Proin in risus sed lectus semper 
vehicula id vitae nibh. Proin rutrum risus et lacus cursus hendrerit. Nulla vitae 
quam quis quam interdum commodo et eu massa. Suspendisse sed elit eget orci 
tincidunt feugiat. Integer sed sollicitudin turpis. Fusce viverra eleifend 
imperdiet. Etiam ornare iaculis tempor. Maecenas aliquam aliquam neque non 
imperdiet. Phasellus mi augue, consequat in fringilla et, bibendum hendrerit magna.
Ut vitae urna sit amet purus consequat blandit.
Vivamus in orci in lectus porta consectetur ac eget lacus. Aenean porttitor dolor 
a ligula commodo ac mollis eros lacinia. Curabitur non quam ante. Quisque ac mi 
turpis. Sed quis sapien et velit commodo facilisis nec a dolor. Mauris leo eros, 
rutrum vel convallis at, pulvinar non sem. Fusce mollis vulputate interdum. Nunc 
placerat metus et tortor euismod porttitor. Suspendisse quis magna metus.
Aliquam erat volutpat. Sed nec purus orci, sed placerat ligula. Maecenas eleifend, 
velit a varius blandit, sapien neque laoreet nisi, ut adipiscing ligula nulla non 
erat. Aliquam tempus ipsum a nisl tincidunt venenatis. Sed adipiscing ultricies 
nisi ut sollicitudin. Donec neque erat, pulvinar quis viverra nec, tempor ut turpi.
Pellentesque eget nibh purus.
Curabitur sit amet lectus a lectus egestas pellentesque quis eu dolor. Sed 
adipiscing, velit et varius mattis, mauris libero varius sem, id luctus turpis 
nibh non neque. Maecenas massa mi, egestas at condimentum sed, tincidunt ac libero.
Nulla mattis, ipsum eu rhoncus pharetra, odio ante sagittis urna, et congue tellus 
est aliquam magna. Nullam posuere aliquam metus, ac mattis tortor vestibulum quis. 
Integer mollis faucibus mattis. Suspendisse eget sem nec erat viverra malesuada.
Lorem ipsum dolor sit amet, consectetur adipiscing elit. Ut congue vulputate
eleifend. Pellentesque vestibulum accumsan elit posuere consequat. Praesent 
fermentum nisi quis orci luctus suscipit. Vivamus semper, dolor non laoreet 
imperdiet, orci ligula porta urna, ut porta nibh mi sit amet augue. Curabitur id 
euismod magna. Sed dolor odio, adipiscing vel euismod sit amet, consequat vel augu.
Ut dapibus dui id metus euismod quis bibendum est vulputate. Ut condimentum mollis 
ipsum ac consequat. Integer luctus ante in magna iaculis rutrum. Nunc sed lectus 
at nunc consectetur elementum. Curabitur non urna tellus, sit amet luctus arcu. 
Duis dapibus purus eu sapien dapibus consectetur. Vivamus massa magna, accumsan 
non scelerisque id, sagittis quis dui.
Nullam et leo sit amet lorem gravida ultricies. Fusce nec elit a enim pharetra 
interdum nec non enim. Duis et justo eget quam tincidunt lacinia. Vivamus risus 
ipsum, porta ac blandit quis, lobortis a mauris. Proin in risus sed lectus semper 
vehicula id vitae nibh. Proin rutrum risus et lacus cursus hendrerit. Nulla vitae 
quam quis quam interdum commodo et eu massa. Suspendisse sed elit eget orci 
tincidunt feugiat. Integer sed sollicitudin turpis. Fusce viverra eleifend 
imperdiet. Etiam ornare iaculis tempor. Maecenas aliquam aliquam neque non 
imperdiet. Phasellus mi augue, consequat in fringilla et, bibendum hendrerit magna.
Ut vitae urna sit amet purus consequat blandit.
Vivamus in orci in lectus porta consectetur ac eget lacus. Aenean porttitor dolor 
a ligula commodo ac mollis eros lacinia. Curabitur non quam ante. Quisque ac mi 
turpis. Sed quis sapien et velit commodo facilisis nec a dolor. Mauris leo eros, 
rutrum vel convallis at, pulvinar non sem. Fusce mollis vulputate interdum. Nunc 
placerat metus et tortor euismod porttitor. Suspendisse quis magna metus.
Aliquam erat volutpat. Sed nec purus orci, sed placerat ligula. Maecenas eleifend, 
velit a varius blandit, sapien neque laoreet nisi, ut adipiscing ligula nulla non 
erat. Aliquam tempus ipsum a nisl tincidunt venenatis. Sed adipiscing ultricies 
nisi ut sollicitudin. Donec neque erat, pulvinar quis viverra nec, tempor ut turpi.
Pellentesque eget nibh purus.
Curabitur sit amet lectus a lectus egestas pellentesque quis eu dolor. Sed 
adipiscing, velit et varius mattis, mauris libero varius sem, id luctus turpis 
nibh non neque. Maecenas massa mi, egestas at condimentum sed, tincidunt ac libero.
Nulla mattis, ipsum eu rhoncus pharetra, odio ante sagittis urna, et congue tellus 
est aliquam magna. Nullam posuere aliquam metus, ac mattis tortor vestibulum quis. 
Integer mollis faucibus mattis. Suspendisse eget sem nec erat viverra malesuada.
Lorem ipsum dolor sit amet, consectetur adipiscing elit. Ut congue vulputate
eleifend. Pellentesque vestibulum accumsan elit posuere consequat. Praesent 
fermentum nisi quis orci luctus suscipit. Vivamus semper, dolor non laoreet 
imperdiet, orci ligula porta urna, ut porta nibh mi sit amet augue. Curabitur id 
euismod magna. Sed dolor odio, adipiscing vel euismod sit amet, consequat vel augu.
Ut dapibus dui id metus euismod quis bibendum est vulputate. Ut condimentum mollis 
ipsum ac consequat. Integer luctus ante in magna iaculis rutrum. Nunc sed lectus 
at nunc consectetur elementum. Curabitur non urna tellus, sit amet luctus arcu. 
Duis dapibus purus eu sapien dapibus consectetur. Vivamus massa magna, accumsan 
non scelerisque id, sagittis quis dui.
Nullam et leo sit amet lorem gravida ultricies. Fusce nec elit a enim pharetra 
interdum nec non enim. Duis et justo eget quam tincidunt lacinia. Vivamus risus 
ipsum, porta ac blandit quis, lobortis a mauris. Proin in risus sed lectus semper 
vehicula id vitae nibh. Proin rutrum risus et lacus cursus hendrerit. Nulla vitae 
quam quis quam interdum commodo et eu massa. Suspendisse sed elit eget orci 
tincidunt feugiat. Integer sed sollicitudin turpis. Fusce viverra eleifend 
imperdiet. Etiam ornare iaculis tempor. Maecenas aliquam aliquam neque non 
imperdiet. Phasellus mi augue, consequat in fringilla et, bibendum hendrerit magna.
Ut vitae urna sit amet purus consequat blandit.
Vivamus in orci in lectus porta consectetur ac eget lacus. Aenean porttitor dolor 
a ligula commodo ac mollis eros lacinia. Curabitur non quam ante. Quisque ac mi 
turpis. Sed quis sapien et velit commodo facilisis nec a dolor. Mauris leo eros, 
rutrum vel convallis at, pulvinar non sem. Fusce mollis vulputate interdum. Nunc 
placerat metus et tortor euismod porttitor. Suspendisse quis magna metus.
Aliquam erat volutpat. Sed nec purus orci, sed placerat ligula. Maecenas eleifend, 
velit a varius blandit, sapien neque laoreet nisi, ut adipiscing ligula nulla non 
erat. Aliquam tempus ipsum a nisl tincidunt venenatis. Sed adipiscing ultricies 
nisi ut sollicitudin. Donec neque erat, pulvinar quis viverra nec, tempor ut turpi.
Pellentesque eget nibh purus.
Curabitur sit amet lectus a lectus egestas pellentesque quis eu dolor. Sed 
adipiscing, velit et varius mattis, mauris libero varius sem, id luctus turpis 
nibh non neque. Maecenas massa mi, egestas at condimentum sed, tincidunt ac libero.
Nulla mattis, ipsum eu rhoncus pharetra, odio ante sagittis urna, et congue tellus 
est aliquam magna. Nullam posuere aliquam metus, ac mattis tortor vestibulum quis. 
Integer mollis faucibus mattis. Suspendisse eget sem nec erat viverra malesuada.
Lorem ipsum dolor sit amet, consectetur adipiscing elit. Ut congue vulputate
eleifend. Pellentesque vestibulum accumsan elit posuere consequat. Praesent 
fermentum nisi quis orci luctus suscipit. Vivamus semper, dolor non laoreet 
imperdiet, orci ligula porta urna, ut porta nibh mi sit amet augue. Curabitur id 
euismod magna. Sed dolor odio, adipiscing vel euismod sit amet, consequat vel augu.
Ut dapibus dui id metus euismod quis bibendum est vulputate. Ut condimentum mollis 
ipsum ac consequat. Integer luctus ante in magna iaculis rutrum. Nunc sed lectus 
at nunc consectetur elementum. Curabitur non urna tellus, sit amet luctus arcu. 
Duis dapibus purus eu sapien dapibus consectetur. Vivamus massa magna, accumsan 
non scelerisque id, sagittis quis dui.
Nullam et leo sit amet lorem gravida ultricies. Fusce nec elit a enim pharetra 
interdum nec non enim. Duis et justo eget quam tincidunt lacinia. Vivamus risus 
ipsum, porta ac blandit quis, lobortis a mauris. Proin in risus sed lectus semper 
vehicula id vitae nibh. Proin rutrum risus et lacus cursus hendrerit. Nulla vitae 
quam quis quam interdum commodo et eu massa. Suspendisse sed elit eget orci 
tincidunt feugiat. Integer sed sollicitudin turpis. Fusce viverra eleifend 
imperdiet. Etiam ornare iaculis tempor. Maecenas aliquam aliquam neque non 
imperdiet. Phasellus mi augue, consequat in fringilla et, bibendum hendrerit magna.
Ut vitae urna sit amet purus consequat blandit.
Vivamus in orci in lectus porta consectetur ac eget lacus. Aenean porttitor dolor 
a ligula commodo ac mollis eros lacinia. Curabitur non quam ante. Quisque ac mi 
turpis. Sed quis sapien et velit commodo facilisis nec a dolor. Mauris leo eros, 
rutrum vel convallis at, pulvinar non sem. Fusce mollis vulputate interdum. Nunc 
placerat metus et tortor euismod porttitor. Suspendisse quis magna metus.
Aliquam erat volutpat. Sed nec purus orci, sed placerat ligula. Maecenas eleifend, 
velit a varius blandit, sapien neque laoreet nisi, ut adipiscing ligula nulla non 
erat. Aliquam tempus ipsum a nisl tincidunt venenatis. Sed adipiscing ultricies 
nisi ut sollicitudin. Donec neque erat, pulvinar quis viverra nec, tempor ut turpi.
Pellentesque eget nibh purus.
Curabitur sit amet lectus a lectus egestas pellentesque quis eu dolor. Sed 
adipiscing, velit et varius mattis, mauris libero varius sem, id luctus turpis 
nibh non neque. Maecenas massa mi, egestas at condimentum sed, tincidunt ac libero.
Nulla mattis, ipsum eu rhoncus pharetra, odio ante sagittis urna, et congue tellus 
est aliquam magna. Nullam posuere aliquam metus, ac mattis tortor vestibulum quis. 
Integer mollis faucibus mattis. Suspendisse eget sem nec erat viverra malesuada.
Lorem ipsum dolor sit amet, consectetur adipiscing elit. Ut congue vulputate
eleifend. Pellentesque vestibulum accumsan elit posuere consequat. Praesent 
fermentum nisi quis orci luctus suscipit. Vivamus semper, dolor non laoreet 
imperdiet, orci ligula porta urna, ut porta nibh mi sit amet augue. Curabitur id 
euismod magna. Sed dolor odio, adipiscing vel euismod sit amet, consequat vel augu.
Ut dapibus dui id metus euismod quis bibendum est vulputate. Ut condimentum mollis 
ipsum ac consequat. Integer luctus ante in magna iaculis rutrum. Nunc sed lectus 
at nunc consectetur elementum. Curabitur non urna tellus, sit amet luctus arcu. 
Duis dapibus purus eu sapien dapibus consectetur. Vivamus massa magna, accumsan 
non scelerisque id, sagittis quis dui.
Nullam et leo sit amet lorem gravida ultricies. Fusce nec elit a enim pharetra 
interdum nec non enim. Duis et justo eget quam tincidunt lacinia. Vivamus risus 
ipsum, porta ac blandit quis, lobortis a mauris. Proin in risus sed lectus semper 
vehicula id vitae nibh. Proin rutrum risus et lacus cursus hendrerit. Nulla vitae 
quam quis quam interdum commodo et eu massa. Suspendisse sed elit eget orci 
tincidunt feugiat. Integer sed sollicitudin turpis. Fusce viverra eleifend 
imperdiet. Etiam ornare iaculis tempor. Maecenas aliquam aliquam neque non 
imperdiet. Phasellus mi augue, consequat in fringilla et, bibendum hendrerit magna.
Ut vitae urna sit amet purus consequat blandit.
Vivamus in orci in lectus porta consectetur ac eget lacus. Aenean porttitor dolor 
a ligula commodo ac mollis eros lacinia. Curabitur non quam ante. Quisque ac mi 
turpis. Sed quis sapien et velit commodo facilisis nec a dolor. Mauris leo eros, 
rutrum vel convallis at, pulvinar non sem. Fusce mollis vulputate interdum. Nunc 
placerat metus et tortor euismod porttitor. Suspendisse quis magna metus.
Aliquam erat volutpat. Sed nec purus orci, sed placerat ligula. Maecenas eleifend, 
velit a varius blandit, sapien neque laoreet nisi, ut adipiscing ligula nulla non 
erat. Aliquam tempus ipsum a nisl tincidunt venenatis. Sed adipiscing ultricies 
nisi ut sollicitudin. Donec neque erat, pulvinar quis viverra nec, tempor ut turpi.
Pellentesque eget nibh purus.
Curabitur sit amet lectus a lectus egestas pellentesque quis eu dolor. Sed 
adipiscing, velit et varius mattis, mauris libero varius sem, id luctus turpis 
nibh non neque. Maecenas massa mi, egestas at condimentum sed, tincidunt ac libero.
Nulla mattis, ipsum eu rhoncus pharetra, odio ante sagittis urna, et congue tellus 
est aliquam magna. Nullam posuere aliquam metus, ac mattis tortor vestibulum quis. 
Integer mollis faucibus mattis. Suspendisse eget sem nec erat viverra malesuada.
Lorem ipsum dolor sit amet, consectetur adipiscing elit. Ut congue vulputate
eleifend. Pellentesque vestibulum accumsan elit posuere consequat. Praesent 
fermentum nisi quis orci luctus suscipit. Vivamus semper, dolor non laoreet 
imperdiet, orci ligula porta urna, ut porta nibh mi sit amet augue. Curabitur id 
euismod magna. Sed dolor odio, adipiscing vel euismod sit amet, consequat vel augu.
Ut dapibus dui id metus euismod quis bibendum est vulputate. Ut condimentum mollis 
ipsum ac consequat. Integer luctus ante in magna iaculis rutrum. Nunc sed lectus 
at nunc consectetur elementum. Curabitur non urna tellus, sit amet luctus arcu. 
Duis dapibus purus eu sapien dapibus consectetur. Vivamus massa magna, accumsan 
non scelerisque id, sagittis quis dui.
Nullam et leo sit amet lorem gravida ultricies. Fusce nec elit a enim pharetra 
interdum nec non enim. Duis et justo eget quam tincidunt lacinia. Vivamus risus 
ipsum, porta ac blandit quis, lobortis a mauris. Proin in risus sed lectus semper 
vehicula id vitae nibh. Proin rutrum risus et lacus cursus hendrerit. Nulla vitae 
quam quis quam interdum commodo et eu massa. Suspendisse sed elit eget orci 
tincidunt feugiat. Integer sed sollicitudin turpis. Fusce viverra eleifend 
imperdiet. Etiam ornare iaculis tempor. Maecenas aliquam aliquam neque non 
imperdiet. Phasellus mi augue, consequat in fringilla et, bibendum hendrerit magna.
Ut vitae urna sit amet purus consequat blandit.
Vivamus in orci in lectus porta consectetur ac eget lacus. Aenean porttitor dolor 
a ligula commodo ac mollis eros lacinia. Curabitur non quam ante. Quisque ac mi 
turpis. Sed quis sapien et velit commodo facilisis nec a dolor. Mauris leo eros, 
rutrum vel convallis at, pulvinar non sem. Fusce mollis vulputate interdum. Nunc 
placerat metus et tortor euismod porttitor. Suspendisse quis magna metus.
Aliquam erat volutpat. Sed nec purus orci, sed placerat ligula. Maecenas eleifend, 
velit a varius blandit, sapien neque laoreet nisi, ut adipiscing ligula nulla non 
erat. Aliquam tempus ipsum a nisl tincidunt venenatis. Sed adipiscing ultricies 
nisi ut sollicitudin. Donec neque erat, pulvinar quis viverra nec, tempor ut turpi.
Pellentesque eget nibh purus.
Curabitur sit amet lectus a lectus egestas pellentesque quis eu dolor. Sed 
adipiscing, velit et varius mattis, mauris libero varius sem, id luctus turpis 
nibh non neque. Maecenas massa mi, egestas at condimentum sed, tincidunt ac libero.
Nulla mattis, ipsum eu rhoncus pharetra, odio ante sagittis urna, et congue tellus 
est aliquam magna. Nullam posuere aliquam metus, ac mattis tortor vestibulum quis. 
Integer mollis faucibus mattis. Suspendisse eget sem nec erat viverra malesuada.
Lorem ipsum dolor sit amet, consectetur adipiscing elit. Ut congue vulputate
eleifend. Pellentesque vestibulum accumsan elit posuere consequat. Praesent 
fermentum nisi quis orci luctus suscipit. Vivamus semper, dolor non laoreet 
imperdiet, orci ligula porta urna, ut porta nibh mi sit amet augue. Curabitur id 
euismod magna. Sed dolor odio, adipiscing vel euismod sit amet, consequat vel augu.
Ut dapibus dui id metus euismod quis bibendum est vulputate. Ut condimentum mollis 
ipsum ac consequat. Integer luctus ante in magna iaculis rutrum. Nunc sed lectus 
at nunc consectetur elementum. Curabitur non urna tellus, sit amet luctus arcu. 
Duis dapibus purus eu sapien dapibus consectetur. Vivamus massa magna, accumsan 
non scelerisque id, sagittis quis dui.
Nullam et leo sit amet lorem gravida ultricies. Fusce nec elit a enim pharetra 
interdum nec non enim. Duis et justo eget quam tincidunt lacinia. Vivamus risus 
ipsum, porta ac blandit quis, lobortis a mauris. Proin in risus sed lectus semper 
vehicula id vitae nibh. Proin rutrum risus et lacus cursus hendrerit. Nulla vitae 
quam quis quam interdum commodo et eu massa. Suspendisse sed elit eget orci 
tincidunt feugiat. Integer sed sollicitudin turpis. Fusce viverra eleifend 
imperdiet. Etiam ornare iaculis tempor. Maecenas aliquam aliquam neque non 
imperdiet. Phasellus mi augue, consequat in fringilla et, bibendum hendrerit magna.
Ut vitae urna sit amet purus consequat blandit.
Vivamus in orci in lectus porta consectetur ac eget lacus. Aenean porttitor dolor 
a ligula commodo ac mollis eros lacinia. Curabitur non quam ante. Quisque ac mi 
turpis. Sed quis sapien et velit commodo facilisis nec a dolor. Mauris leo eros, 
rutrum vel convallis at, pulvinar non sem. Fusce mollis vulputate interdum. Nunc 
placerat metus et tortor euismod porttitor. Suspendisse quis magna metus.
Aliquam erat volutpat. Sed nec purus orci, sed placerat ligula. Maecenas eleifend, 
velit a varius blandit, sapien neque laoreet nisi, ut adipiscing ligula nulla non 
erat. Aliquam tempus ipsum a nisl tincidunt venenatis. Sed adipiscing ultricies 
nisi ut sollicitudin. Donec neque erat, pulvinar quis viverra nec, tempor ut turpi.
Pellentesque eget nibh purus.
Curabitur sit amet lectus a lectus egestas pellentesque quis eu dolor. Sed 
adipiscing, velit et varius mattis, mauris libero varius sem, id luctus turpis 
nibh non neque. Maecenas massa mi, egestas at condimentum sed, tincidunt ac libero.
Nulla mattis, ipsum eu rhoncus pharetra, odio ante sagittis urna, et congue tellus 
est aliquam magna. Nullam posuere aliquam metus, ac mattis tortor vestibulum quis. 
Integer mollis faucibus mattis. Suspendisse eget sem nec erat viverra malesuada.
Lorem ipsum dolor sit amet, consectetur adipiscing elit. Ut congue vulputate
eleifend. Pellentesque vestibulum accumsan elit posuere consequat. Praesent 
fermentum nisi quis orci luctus suscipit. Vivamus semper, dolor non laoreet 
imperdiet, orci ligula porta urna, ut porta nibh mi sit amet augue. Curabitur id 
euismod magna. Sed dolor odio, adipiscing vel euismod sit amet, consequat vel augu.
Ut dapibus dui id metus euismod quis bibendum est vulputate. Ut condimentum mollis 
ipsum ac consequat. Integer luctus ante in magna iaculis rutrum. Nunc sed lectus 
at nunc consectetur elementum. Curabitur non urna tellus, sit amet luctus arcu. 
Duis dapibus purus eu sapien dapibus consectetur. Vivamus massa magna, accumsan 
non scelerisque id, sagittis quis dui.
Nullam et leo sit amet lorem gravida ultricies. Fusce nec elit a enim pharetra 
interdum nec non enim. Duis et justo eget quam tincidunt lacinia. Vivamus risus 
ipsum, porta ac blandit quis, lobortis a mauris. Proin in risus sed lectus semper 
vehicula id vitae nibh. Proin rutrum risus et lacus cursus hendrerit. Nulla vitae 
quam quis quam interdum commodo et eu massa. Suspendisse sed elit eget orci 
tincidunt feugiat. Integer sed sollicitudin turpis. Fusce viverra eleifend 
imperdiet. Etiam ornare iaculis tempor. Maecenas aliquam aliquam neque non 
imperdiet. Phasellus mi augue, consequat in fringilla et, bibendum hendrerit magna.
Ut vitae urna sit amet purus consequat blandit.
Vivamus in orci in lectus porta consectetur ac eget lacus. Aenean porttitor dolor 
a ligula commodo ac mollis eros lacinia. Curabitur non quam ante. Quisque ac mi 
turpis. Sed quis sapien et velit commodo facilisis nec a dolor. Mauris leo eros, 
rutrum vel convallis at, pulvinar non sem. Fusce mollis vulputate interdum. Nunc 
placerat metus et tortor euismod porttitor. Suspendisse quis magna metus.
Aliquam erat volutpat. Sed nec purus orci, sed placerat ligula. Maecenas eleifend, 
velit a varius blandit, sapien neque laoreet nisi, ut adipiscing ligula nulla non 
erat. Aliquam tempus ipsum a nisl tincidunt venenatis. Sed adipiscing ultricies 
nisi ut sollicitudin. Donec neque erat, pulvinar quis viverra nec, tempor ut turpi.
Pellentesque eget nibh purus.
Curabitur sit amet lectus a lectus egestas pellentesque quis eu dolor. Sed 
adipiscing, velit et varius mattis, mauris libero varius sem, id luctus turpis 
nibh non neque. Maecenas massa mi, egestas at condimentum sed, tincidunt ac libero.
Nulla mattis, ipsum eu rhoncus pharetra, odio ante sagittis urna, et congue tellus 
est aliquam magna. Nullam posuere aliquam metus, ac mattis tortor vestibulum quis. 
Integer mollis faucibus mattis. Suspendisse eget sem nec erat viverra malesuada.
Lorem ipsum dolor sit amet, consectetur adipiscing elit. Ut congue vulputate
eleifend. Pellentesque vestibulum accumsan elit posuere consequat. Praesent 
fermentum nisi quis orci luctus suscipit. Vivamus semper, dolor non laoreet 
imperdiet, orci ligula porta urna, ut porta nibh mi sit amet augue. Curabitur id 
euismod magna. Sed dolor odio, adipiscing vel euismod sit amet, consequat vel augu.
Ut dapibus dui id metus euismod quis bibendum est vulputate. Ut condimentum mollis 
ipsum ac consequat. Integer luctus ante in magna iaculis rutrum. Nunc sed lectus 
at nunc consectetur elementum. Curabitur non urna tellus, sit amet luctus arcu. 
Duis dapibus purus eu sapien dapibus consectetur. Vivamus massa magna, accumsan 
non scelerisque id, sagittis quis dui.
Nullam et leo sit amet lorem gravida ultricies. Fusce nec elit a enim pharetra 
interdum nec non enim. Duis et justo eget quam tincidunt lacinia. Vivamus risus 
ipsum, porta ac blandit quis, lobortis a mauris. Proin in risus sed lectus semper 
vehicula id vitae nibh. Proin rutrum risus et lacus cursus hendrerit. Nulla vitae 
quam quis quam interdum commodo et eu massa. Suspendisse sed elit eget orci 
tincidunt feugiat. Integer sed sollicitudin turpis. Fusce viverra eleifend 
imperdiet. Etiam ornare iaculis tempor. Maecenas aliquam aliquam neque non 
imperdiet. Phasellus mi augue, consequat in fringilla et, bibendum hendrerit magna.
Ut vitae urna sit amet purus consequat blandit.
Vivamus in orci in lectus porta consectetur ac eget lacus. Aenean porttitor dolor 
a ligula commodo ac mollis eros lacinia. Curabitur non quam ante. Quisque ac mi 
turpis. Sed quis sapien et velit commodo facilisis nec a dolor. Mauris leo eros, 
rutrum vel convallis at, pulvinar non sem. Fusce mollis vulputate interdum. Nunc 
placerat metus et tortor euismod porttitor. Suspendisse quis magna metus.
Aliquam erat volutpat. Sed nec purus orci, sed placerat ligula. Maecenas eleifend, 
velit a varius blandit, sapien neque laoreet nisi, ut adipiscing ligula nulla non 
erat. Aliquam tempus ipsum a nisl tincidunt venenatis. Sed adipiscing ultricies 
nisi ut sollicitudin. Donec neque erat, pulvinar quis viverra nec, tempor ut turpi.
Pellentesque eget nibh purus.
Curabitur sit amet lectus a lectus egestas pellentesque quis eu dolor. Sed 
adipiscing, velit et varius mattis, mauris libero varius sem, id luctus turpis 
nibh non neque. Maecenas massa mi, egestas at condimentum sed, tincidunt ac libero.
Nulla mattis, ipsum eu rhoncus pharetra, odio ante sagittis urna, et congue tellus 
est aliquam magna. Nullam posuere aliquam metus, ac mattis tortor vestibulum quis. 
Integer mollis faucibus mattis. Suspendisse eget sem nec erat viverra malesuada.
Lorem ipsum dolor sit amet, consectetur adipiscing elit. Ut congue vulputate
eleifend. Pellentesque vestibulum accumsan elit posuere consequat. Praesent 
fermentum nisi quis orci luctus suscipit. Vivamus semper, dolor non laoreet 
imperdiet, orci ligula porta urna, ut porta nibh mi sit amet augue. Curabitur id 
euismod magna. Sed dolor odio, adipiscing vel euismod sit amet, consequat vel augu.
Ut dapibus dui id metus euismod quis bibendum est vulputate. Ut condimentum mollis 
ipsum ac consequat. Integer luctus ante in magna iaculis rutrum. Nunc sed lectus 
at nunc consectetur elementum. Curabitur non urna tellus, sit amet luctus arcu. 
Duis dapibus purus eu sapien dapibus consectetur. Vivamus massa magna, accumsan 
non scelerisque id, sagittis quis dui.
Nullam et leo sit amet lorem gravida ultricies. Fusce nec elit a enim pharetra 
interdum nec non enim. Duis et justo eget quam tincidunt lacinia. Vivamus risus 
ipsum, porta ac blandit quis, lobortis a mauris. Proin in risus sed lectus semper 
vehicula id vitae nibh. Proin rutrum risus et lacus cursus hendrerit. Nulla vitae 
quam quis quam interdum commodo et eu massa. Suspendisse sed elit eget orci 
tincidunt feugiat. Integer sed sollicitudin turpis. Fusce viverra eleifend 
imperdiet. Etiam ornare iaculis tempor. Maecenas aliquam aliquam neque non 
imperdiet. Phasellus mi augue, consequat in fringilla et, bibendum hendrerit magna.
Ut vitae urna sit amet purus consequat blandit.
Vivamus in orci in lectus porta consectetur ac eget lacus. Aenean porttitor dolor 
a ligula commodo ac mollis eros lacinia. Curabitur non quam ante. Quisque ac mi 
turpis. Sed quis sapien et velit commodo facilisis nec a dolor. Mauris leo eros, 
rutrum vel convallis at, pulvinar non sem. Fusce mollis vulputate interdum. Nunc 
placerat metus et tortor euismod porttitor. Suspendisse quis magna metus.
Aliquam erat volutpat. Sed nec purus orci, sed placerat ligula. Maecenas eleifend, 
velit a varius blandit, sapien neque laoreet nisi, ut adipiscing ligula nulla non 
erat. Aliquam tempus ipsum a nisl tincidunt venenatis. Sed adipiscing ultricies 
nisi ut sollicitudin. Donec neque erat, pulvinar quis viverra nec, tempor ut turpi.
Pellentesque eget nibh purus.
Curabitur sit amet lectus a lectus egestas pellentesque quis eu dolor. Sed 
adipiscing, velit et varius mattis, mauris libero varius sem, id luctus turpis 
nibh non neque. Maecenas massa mi, egestas at condimentum sed, tincidunt ac libero.
Nulla mattis, ipsum eu rhoncus pharetra, odio ante sagittis urna, et congue tellus 
est aliquam magna. Nullam posuere aliquam metus, ac mattis tortor vestibulum quis. 
Integer mollis faucibus mattis. Suspendisse eget sem nec erat viverra malesuada.
Lorem ipsum dolor sit amet, consectetur adipiscing elit. Ut congue vulputate
eleifend. Pellentesque vestibulum accumsan elit posuere consequat. Praesent 
fermentum nisi quis orci luctus suscipit. Vivamus semper, dolor non laoreet 
imperdiet, orci ligula porta urna, ut porta nibh mi sit amet augue. Curabitur id 
euismod magna. Sed dolor odio, adipiscing vel euismod sit amet, consequat vel augu.
Ut dapibus dui id metus euismod quis bibendum est vulputate. Ut condimentum mollis 
ipsum ac consequat. Integer luctus ante in magna iaculis rutrum. Nunc sed lectus 
at nunc consectetur elementum. Curabitur non urna tellus, sit amet luctus arcu. 
Duis dapibus purus eu sapien dapibus consectetur. Vivamus massa magna, accumsan 
non scelerisque id, sagittis quis dui.
Nullam et leo sit amet lorem gravida ultricies. Fusce nec elit a enim pharetra 
interdum nec non enim. Duis et justo eget quam tincidunt lacinia. Vivamus risus 
ipsum, porta ac blandit quis, lobortis a mauris. Proin in risus sed lectus semper 
vehicula id vitae nibh. Proin rutrum risus et lacus cursus hendrerit. Nulla vitae 
quam quis quam interdum commodo et eu massa. Suspendisse sed elit eget orci 
tincidunt feugiat. Integer sed sollicitudin turpis. Fusce viverra eleifend 
imperdiet. Etiam ornare iaculis tempor. Maecenas aliquam aliquam neque non 
imperdiet. Phasellus mi augue, consequat in fringilla et, bibendum hendrerit magna.
Ut vitae urna sit amet purus consequat blandit.
Vivamus in orci in lectus porta consectetur ac eget lacus. Aenean porttitor dolor 
a ligula commodo ac mollis eros lacinia. Curabitur non quam ante. Quisque ac mi 
turpis. Sed quis sapien et velit commodo facilisis nec a dolor. Mauris leo eros, 
rutrum vel convallis at, pulvinar non sem. Fusce mollis vulputate interdum. Nunc 
placerat metus et tortor euismod porttitor. Suspendisse quis magna metus.
Aliquam erat volutpat. Sed nec purus orci, sed placerat ligula. Maecenas eleifend, 
velit a varius blandit, sapien neque laoreet nisi, ut adipiscing ligula nulla non 
erat. Aliquam tempus ipsum a nisl tincidunt venenatis. Sed adipiscing ultricies 
nisi ut sollicitudin. Donec neque erat, pulvinar quis viverra nec, tempor ut turpi.
Pellentesque eget nibh purus.
Curabitur sit amet lectus a lectus egestas pellentesque quis eu dolor. Sed 
adipiscing, velit et varius mattis, mauris libero varius sem, id luctus turpis 
nibh non neque. Maecenas massa mi, egestas at condimentum sed, tincidunt ac libero.
Nulla mattis, ipsum eu rhoncus pharetra, odio ante sagittis urna, et congue tellus 
est aliquam magna. Nullam posuere aliquam metus, ac mattis tortor vestibulum quis. 
Integer mollis faucibus mattis. Suspendisse eget sem nec erat viverra malesuada.
Lorem ipsum dolor sit amet, consectetur adipiscing elit. Ut congue vulputate
eleifend. Pellentesque vestibulum accumsan elit posuere consequat. Praesent 
fermentum nisi quis orci luctus suscipit. Vivamus semper, dolor non laoreet 
imperdiet, orci ligula porta urna, ut porta nibh mi sit amet augue. Curabitur id 
euismod magna. Sed dolor odio, adipiscing vel euismod sit amet, consequat vel augu.
Ut dapibus dui id metus euismod quis bibendum est vulputate. Ut condimentum mollis 
ipsum ac consequat. Integer luctus ante in magna iaculis rutrum. Nunc sed lectus 
at nunc consectetur elementum. Curabitur non urna tellus, sit amet luctus arcu. 
Duis dapibus purus eu sapien dapibus consectetur. Vivamus massa magna, accumsan 
non scelerisque id, sagittis quis dui.
Nullam et leo sit amet lorem gravida ultricies. Fusce nec elit a enim pharetra 
interdum nec non enim. Duis et justo eget quam tincidunt lacinia. Vivamus risus 
ipsum, porta ac blandit quis, lobortis a mauris. Proin in risus sed lectus semper 
vehicula id vitae nibh. Proin rutrum risus et lacus cursus hendrerit. Nulla vitae 
quam quis quam interdum commodo et eu massa. Suspendisse sed elit eget orci 
tincidunt feugiat. Integer sed sollicitudin turpis. Fusce viverra eleifend 
imperdiet. Etiam ornare iaculis tempor. Maecenas aliquam aliquam neque non 
imperdiet. Phasellus mi augue, consequat in fringilla et, bibendum hendrerit magna.
Ut vitae urna sit amet purus consequat blandit.
Vivamus in orci in lectus porta consectetur ac eget lacus. Aenean porttitor dolor 
a ligula commodo ac mollis eros lacinia. Curabitur non quam ante. Quisque ac mi 
turpis. Sed quis sapien et velit commodo facilisis nec a dolor. Mauris leo eros, 
rutrum vel convallis at, pulvinar non sem. Fusce mollis vulputate interdum. Nunc 
placerat metus et tortor euismod porttitor. Suspendisse quis magna metus.
Aliquam erat volutpat. Sed nec purus orci, sed placerat ligula. Maecenas eleifend, 
velit a varius blandit, sapien neque laoreet nisi, ut adipiscing ligula nulla non 
erat. Aliquam tempus ipsum a nisl tincidunt venenatis. Sed adipiscing ultricies 
nisi ut sollicitudin. Donec neque erat, pulvinar quis viverra nec, tempor ut turpi.
Pellentesque eget nibh purus.
Curabitur sit amet lectus a lectus egestas pellentesque quis eu dolor. Sed 
adipiscing, velit et varius mattis, mauris libero varius sem, id luctus turpis 
nibh non neque. Maecenas massa mi, egestas at condimentum sed, tincidunt ac libero.
Nulla mattis, ipsum eu rhoncus pharetra, odio ante sagittis urna, et congue tellus 
est aliquam magna. Nullam posuere aliquam metus, ac mattis tortor vestibulum quis. 
Integer mollis faucibus mattis. Suspendisse eget sem nec erat viverra malesuada.
Lorem ipsum dolor sit amet, consectetur adipiscing elit. Ut congue vulputate
eleifend. Pellentesque vestibulum accumsan elit posuere consequat. Praesent 
fermentum nisi quis orci luctus suscipit. Vivamus semper, dolor non laoreet 
imperdiet, orci ligula porta urna, ut porta nibh mi sit amet augue. Curabitur id 
euismod magna. Sed dolor odio, adipiscing vel euismod sit amet, consequat vel augu.
Ut dapibus dui id metus euismod quis bibendum est vulputate. Ut condimentum mollis 
ipsum ac consequat. Integer luctus ante in magna iaculis rutrum. Nunc sed lectus 
at nunc consectetur elementum. Curabitur non urna tellus, sit amet luctus arcu. 
Duis dapibus purus eu sapien dapibus consectetur. Vivamus massa magna, accumsan 
non scelerisque id, sagittis quis dui.
Nullam et leo sit amet lorem gravida ultricies. Fusce nec elit a enim pharetra 
interdum nec non enim. Duis et justo eget quam tincidunt lacinia. Vivamus risus 
ipsum, porta ac blandit quis, lobortis a mauris. Proin in risus sed lectus semper 
vehicula id vitae nibh. Proin rutrum risus et lacus cursus hendrerit. Nulla vitae 
quam quis quam interdum commodo et eu massa. Suspendisse sed elit eget orci 
tincidunt feugiat. Integer sed sollicitudin turpis. Fusce viverra eleifend 
imperdiet. Etiam ornare iaculis tempor. Maecenas aliquam aliquam neque non 
imperdiet. Phasellus mi augue, consequat in fringilla et, bibendum hendrerit magna.
Ut vitae urna sit amet purus consequat blandit.
Vivamus in orci in lectus porta consectetur ac eget lacus. Aenean porttitor dolor 
a ligula commodo ac mollis eros lacinia. Curabitur non quam ante. Quisque ac mi 
turpis. Sed quis sapien et velit commodo facilisis nec a dolor. Mauris leo eros, 
rutrum vel convallis at, pulvinar non sem. Fusce mollis vulputate interdum. Nunc 
placerat metus et tortor euismod porttitor. Suspendisse quis magna metus.
Aliquam erat volutpat. Sed nec purus orci, sed placerat ligula. Maecenas eleifend, 
velit a varius blandit, sapien neque laoreet nisi, ut adipiscing ligula nulla non 
erat. Aliquam tempus ipsum a nisl tincidunt venenatis. Sed adipiscing ultricies 
nisi ut sollicitudin. Donec neque erat, pulvinar quis viverra nec, tempor ut turpi.
Pellentesque eget nibh purus.
Curabitur sit amet lectus a lectus egestas pellentesque quis eu dolor. Sed 
adipiscing, velit et varius mattis, mauris libero varius sem, id luctus turpis 
nibh non neque. Maecenas massa mi, egestas at condimentum sed, tincidunt ac libero.
Nulla mattis, ipsum eu rhoncus pharetra, odio ante sagittis urna, et congue tellus 
est aliquam magna. Nullam posuere aliquam metus, ac mattis tortor vestibulum quis. 
Integer mollis faucibus mattis. Suspendisse eget sem nec erat viverra malesuada.
Lorem ipsum dolor sit amet, consectetur adipiscing elit. Ut congue vulputate
eleifend. Pellentesque vestibulum accumsan elit posuere consequat. Praesent 
fermentum nisi quis orci luctus suscipit. Vivamus semper, dolor non laoreet 
imperdiet, orci ligula porta urna, ut porta nibh mi sit amet augue. Curabitur id 
euismod magna. Sed dolor odio, adipiscing vel euismod sit amet, consequat vel augu.
Ut dapibus dui id metus euismod quis bibendum est vulputate. Ut condimentum mollis 
ipsum ac consequat. Integer luctus ante in magna iaculis rutrum. Nunc sed lectus 
at nunc consectetur elementum. Curabitur non urna tellus, sit amet luctus arcu. 
Duis dapibus purus eu sapien dapibus consectetur. Vivamus massa magna, accumsan 
non scelerisque id, sagittis quis dui.
Nullam et leo sit amet lorem gravida ultricies. Fusce nec elit a enim pharetra 
interdum nec non enim. Duis et justo eget quam tincidunt lacinia. Vivamus risus 
ipsum, porta ac blandit quis, lobortis a mauris. Proin in risus sed lectus semper 
vehicula id vitae nibh. Proin rutrum risus et lacus cursus hendrerit. Nulla vitae 
quam quis quam interdum commodo et eu massa. Suspendisse sed elit eget orci 
tincidunt feugiat. Integer sed sollicitudin turpis. Fusce viverra eleifend 
imperdiet. Etiam ornare iaculis tempor. Maecenas aliquam aliquam neque non 
imperdiet. Phasellus mi augue, consequat in fringilla et, bibendum hendrerit magna.
Ut vitae urna sit amet purus consequat blandit.
Vivamus in orci in lectus porta consectetur ac eget lacus. Aenean porttitor dolor 
a ligula commodo ac mollis eros lacinia. Curabitur non quam ante. Quisque ac mi 
turpis. Sed quis sapien et velit commodo facilisis nec a dolor. Mauris leo eros, 
rutrum vel convallis at, pulvinar non sem. Fusce mollis vulputate interdum. Nunc 
placerat metus et tortor euismod porttitor. Suspendisse quis magna metus.
Aliquam erat volutpat. Sed nec purus orci, sed placerat ligula. Maecenas eleifend, 
velit a varius blandit, sapien neque laoreet nisi, ut adipiscing ligula nulla non 
erat. Aliquam tempus ipsum a nisl tincidunt venenatis. Sed adipiscing ultricies 
nisi ut sollicitudin. Donec neque erat, pulvinar quis viverra nec, tempor ut turpi.
Pellentesque eget nibh purus.
Curabitur sit amet lectus a lectus egestas pellentesque quis eu dolor. Sed 
adipiscing, velit et varius mattis, mauris libero varius sem, id luctus turpis 
nibh non neque. Maecenas massa mi, egestas at condimentum sed, tincidunt ac libero.
Nulla mattis, ipsum eu rhoncus pharetra, odio ante sagittis urna, et congue tellus 
est aliquam magna. Nullam posuere aliquam metus, ac mattis tortor vestibulum quis. 
Integer mollis faucibus mattis. Suspendisse eget sem nec erat viverra malesuada.
Lorem ipsum dolor sit amet, consectetur adipiscing elit. Ut congue vulputate
eleifend. Pellentesque vestibulum accumsan elit posuere consequat. Praesent 
fermentum nisi quis orci luctus suscipit. Vivamus semper, dolor non laoreet 
imperdiet, orci ligula porta urna, ut porta nibh mi sit amet augue. Curabitur id 
euismod magna. Sed dolor odio, adipiscing vel euismod sit amet, consequat vel augu.
Ut dapibus dui id metus euismod quis bibendum est vulputate. Ut condimentum mollis 
ipsum ac consequat. Integer luctus ante in magna iaculis rutrum. Nunc sed lectus 
at nunc consectetur elementum. Curabitur non urna tellus, sit amet luctus arcu. 
Duis dapibus purus eu sapien dapibus consectetur. Vivamus massa magna, accumsan 
non scelerisque id, sagittis quis dui.
Nullam et leo sit amet lorem gravida ultricies. Fusce nec elit a enim pharetra 
interdum nec non enim. Duis et justo eget quam tincidunt lacinia. Vivamus risus 
ipsum, porta ac blandit quis, lobortis a mauris. Proin in risus sed lectus semper 
vehicula id vitae nibh. Proin rutrum risus et lacus cursus hendrerit. Nulla vitae 
quam quis quam interdum commodo et eu massa. Suspendisse sed elit eget orci 
tincidunt feugiat. Integer sed sollicitudin turpis. Fusce viverra eleifend 
imperdiet. Etiam ornare iaculis tempor. Maecenas aliquam aliquam neque non 
imperdiet. Phasellus mi augue, consequat in fringilla et, bibendum hendrerit magna.
Ut vitae urna sit amet purus consequat blandit.
Vivamus in orci in lectus porta consectetur ac eget lacus. Aenean porttitor dolor 
a ligula commodo ac mollis eros lacinia. Curabitur non quam ante. Quisque ac mi 
turpis. Sed quis sapien et velit commodo facilisis nec a dolor. Mauris leo eros, 
rutrum vel convallis at, pulvinar non sem. Fusce mollis vulputate interdum. Nunc 
placerat metus et tortor euismod porttitor. Suspendisse quis magna metus.
Aliquam erat volutpat. Sed nec purus orci, sed placerat ligula. Maecenas eleifend, 
velit a varius blandit, sapien neque laoreet nisi, ut adipiscing ligula nulla non 
erat. Aliquam tempus ipsum a nisl tincidunt venenatis. Sed adipiscing ultricies 
nisi ut sollicitudin. Donec neque erat, pulvinar quis viverra nec, tempor ut turpi.
Pellentesque eget nibh purus.
Curabitur sit amet lectus a lectus egestas pellentesque quis eu dolor. Sed 
adipiscing, velit et varius mattis, mauris libero varius sem, id luctus turpis 
nibh non neque. Maecenas massa mi, egestas at condimentum sed, tincidunt ac libero.
Nulla mattis, ipsum eu rhoncus pharetra, odio ante sagittis urna, et congue tellus 
est aliquam magna. Nullam posuere aliquam metus, ac mattis tortor vestibulum quis. 
Integer mollis faucibus mattis. Suspendisse eget sem nec erat viverra malesuada.
Lorem ipsum dolor sit amet, consectetur adipiscing elit. Ut congue vulputate
eleifend. Pellentesque vestibulum accumsan elit posuere consequat. Praesent 
fermentum nisi quis orci luctus suscipit. Vivamus semper, dolor non laoreet 
imperdiet, orci ligula porta urna, ut porta nibh mi sit amet augue. Curabitur id 
euismod magna. Sed dolor odio, adipiscing vel euismod sit amet, consequat vel augu.
Ut dapibus dui id metus euismod quis bibendum est vulputate. Ut condimentum mollis 
ipsum ac consequat. Integer luctus ante in magna iaculis rutrum. Nunc sed lectus 
at nunc consectetur elementum. Curabitur non urna tellus, sit amet luctus arcu. 
Duis dapibus purus eu sapien dapibus consectetur. Vivamus massa magna, accumsan 
non scelerisque id, sagittis quis dui.
Nullam et leo sit amet lorem gravida ultricies. Fusce nec elit a enim pharetra 
interdum nec non enim. Duis et justo eget quam tincidunt lacinia. Vivamus risus 
ipsum, porta ac blandit quis, lobortis a mauris. Proin in risus sed lectus semper 
vehicula id vitae nibh. Proin rutrum risus et lacus cursus hendrerit. Nulla vitae 
quam quis quam interdum commodo et eu massa. Suspendisse sed elit eget orci 
tincidunt feugiat. Integer sed sollicitudin turpis. Fusce viverra eleifend 
imperdiet. Etiam ornare iaculis tempor. Maecenas aliquam aliquam neque non 
imperdiet. Phasellus mi augue, consequat in fringilla et, bibendum hendrerit magna.
Ut vitae urna sit amet purus consequat blandit.
Vivamus in orci in lectus porta consectetur ac eget lacus. Aenean porttitor dolor 
a ligula commodo ac mollis eros lacinia. Curabitur non quam ante. Quisque ac mi 
turpis. Sed quis sapien et velit commodo facilisis nec a dolor. Mauris leo eros, 
rutrum vel convallis at, pulvinar non sem. Fusce mollis vulputate interdum. Nunc 
placerat metus et tortor euismod porttitor. Suspendisse quis magna metus.
Aliquam erat volutpat. Sed nec purus orci, sed placerat ligula. Maecenas eleifend, 
velit a varius blandit, sapien neque laoreet nisi, ut adipiscing ligula nulla non 
erat. Aliquam tempus ipsum a nisl tincidunt venenatis. Sed adipiscing ultricies 
nisi ut sollicitudin. Donec neque erat, pulvinar quis viverra nec, tempor ut turpi.
Pellentesque eget nibh purus.
Curabitur sit amet lectus a lectus egestas pellentesque quis eu dolor. Sed 
adipiscing, velit et varius mattis, mauris libero varius sem, id luctus turpis 
nibh non neque. Maecenas massa mi, egestas at condimentum sed, tincidunt ac libero.
Nulla mattis, ipsum eu rhoncus pharetra, odio ante sagittis urna, et congue tellus 
est aliquam magna. Nullam posuere aliquam metus, ac mattis tortor vestibulum quis. 
Integer mollis faucibus mattis. Suspendisse eget sem nec erat viverra malesuada.
Lorem ipsum dolor sit amet, consectetur adipiscing elit. Ut congue vulputate
eleifend. Pellentesque vestibulum accumsan elit posuere consequat. Praesent 
fermentum nisi quis orci luctus suscipit. Vivamus semper, dolor non laoreet 
imperdiet, orci ligula porta urna, ut porta nibh mi sit amet augue. Curabitur id 
euismod magna. Sed dolor odio, adipiscing vel euismod sit amet, consequat vel augu.
Ut dapibus dui id metus euismod quis bibendum est vulputate. Ut condimentum mollis 
ipsum ac consequat. Integer luctus ante in magna iaculis rutrum. Nunc sed lectus 
at nunc consectetur elementum. Curabitur non urna tellus, sit amet luctus arcu. 
Duis dapibus purus eu sapien dapibus consectetur. Vivamus massa magna, accumsan 
non scelerisque id, sagittis quis dui.
Nullam et leo sit amet lorem gravida ultricies. Fusce nec elit a enim pharetra 
interdum nec non enim. Duis et justo eget quam tincidunt lacinia. Vivamus risus 
ipsum, porta ac blandit quis, lobortis a mauris. Proin in risus sed lectus semper 
vehicula id vitae nibh. Proin rutrum risus et lacus cursus hendrerit. Nulla vitae 
quam quis quam interdum commodo et eu massa. Suspendisse sed elit eget orci 
tincidunt feugiat. Integer sed sollicitudin turpis. Fusce viverra eleifend 
imperdiet. Etiam ornare iaculis tempor. Maecenas aliquam aliquam neque non 
imperdiet. Phasellus mi augue, consequat in fringilla et, bibendum hendrerit magna.
Ut vitae urna sit amet purus consequat blandit.
Vivamus in orci in lectus porta consectetur ac eget lacus. Aenean porttitor dolor 
a ligula commodo ac mollis eros lacinia. Curabitur non quam ante. Quisque ac mi 
turpis. Sed quis sapien et velit commodo facilisis nec a dolor. Mauris leo eros, 
rutrum vel convallis at, pulvinar non sem. Fusce mollis vulputate interdum. Nunc 
placerat metus et tortor euismod porttitor. Suspendisse quis magna metus.
Aliquam erat volutpat. Sed nec purus orci, sed placerat ligula. Maecenas eleifend, 
velit a varius blandit, sapien neque laoreet nisi, ut adipiscing ligula nulla non 
erat. Aliquam tempus ipsum a nisl tincidunt venenatis. Sed adipiscing ultricies 
nisi ut sollicitudin. Donec neque erat, pulvinar quis viverra nec, tempor ut turpi.
Pellentesque eget nibh purus.
Curabitur sit amet lectus a lectus egestas pellentesque quis eu dolor. Sed 
adipiscing, velit et varius mattis, mauris libero varius sem, id luctus turpis 
nibh non neque. Maecenas massa mi, egestas at condimentum sed, tincidunt ac libero.
Nulla mattis, ipsum eu rhoncus pharetra, odio ante sagittis urna, et congue tellus 
est aliquam magna. Nullam posuere aliquam metus, ac mattis tortor vestibulum quis. 
Integer mollis faucibus mattis. Suspendisse eget sem nec erat viverra malesuada.